,CropYield,gene_0,gene_1,gene_2,gene_3,gene_4,gene_5,gene_6,gene_7,gene_8,gene_9,gene_10,gene_11,gene_12,gene_13,gene_14,gene_15,gene_16,gene_17,gene_18,gene_19
N_01,43.91294791203668,G,C,T,T,T,T,G,G,T,A,G,C,T,C,G,A,C,A,G,C
N_02,65.45167236727373,G,G,T,A,C,C,C,T,A,C,G,T,A,C,G,C,G,G,G,A
N_03,65.9086264956441,T,C,A,G,C,G,T,T,G,C,C,T,T,T,A,T,G,A,A,G
N_04,52.473256987893045,T,T,A,C,G,A,C,A,A,G,A,G,C,T,T,T,A,T,A,T
N_05,61.08089997606202,G,A,G,A,C,T,C,G,C,C,G,A,T,C,A,T,A,T,C,T
N_06,39.286589985958685,G,T,T,T,C,A,G,T,C,G,G,T,G,T,G,G,T,C,C,A
N_07,44.209499594022645,C,T,G,A,G,C,G,A,G,A,T,G,C,C,G,C,A,T,A,C
N_08,64.50705725098543,C,G,T,A,C,A,G,A,C,C,G,A,T,C,A,A,A,T,G,C
N_09,51.591107262816315,T,G,A,G,C,A,T,C,C,A,C,T,G,C,G,C,T,T,C,A
N_10,41.53491713997128,T,T,G,A,A,C,C,G,C,T,C,G,A,C,C,A,T,G,G,T
N_11,50.38520566772386,C,C,T,T,G,T,G,T,A,C,A,A,T,A,T,G,A,C,G,G
N_12,56.83855610855712,C,G,A,T,C,T,A,C,A,G,T,A,A,A,C,G,T,G,A,T
N_13,59.703722838697004,G,T,A,A,G,G,T,A,T,C,A,A,G,C,C,G,T,C,G,C
N_14,57.47394612903279,C,T,C,C,T,T,T,T,C,A,A,A,G,A,A,T,C,T,G,T
N_15,50.56084491444662,A,C,G,T,A,A,T,A,G,C,C,T,T,G,A,A,G,G,C,C
N_16,25.637778060156908,A,C,C,T,C,C,G,C,T,A,C,C,A,A,C,C,C,G,G,G
N_17,55.88056012836027,C,T,C,G,T,G,A,T,A,C,C,C,C,G,A,T,G,G,A,G
N_18,60.657569428570106,A,T,C,T,G,G,A,A,C,C,A,G,C,G,G,C,G,C,C,G
N_19,74.46061464436477,C,G,A,G,T,T,A,G,C,T,G,A,C,T,A,G,G,G,T,T
N_20,46.59468795292085,T,A,A,G,A,G,T,A,G,A,T,C,G,A,A,C,A,C,G,G
N_21,51.80092911466314,T,T,C,A,A,T,C,A,G,T,C,G,C,T,T,G,A,T,C,G
N_22,79.75187362151722,C,T,C,A,A,T,T,A,A,A,T,A,T,G,T,G,G,G,T,T
N_23,59.52128523360221,T,C,C,C,T,G,G,C,G,G,C,G,C,T,C,T,G,A,A,A
N_24,57.27437667749795,G,C,A,C,A,C,A,A,A,G,G,A,G,C,C,A,C,T,C,G
N_25,60.077397399905855,T,A,T,C,C,C,T,G,A,C,G,G,A,G,T,C,G,T,G,C
N_26,35.107633996144656,T,T,G,G,C,G,C,A,A,T,T,G,G,T,C,T,C,G,T,T
N_27,50.40029528118495,T,A,A,G,G,C,T,A,G,G,C,T,T,C,T,G,C,C,G,G
N_28,45.715003284934006,T,T,G,C,A,C,C,C,G,T,G,G,C,C,A,C,A,G,T,T
N_29,49.97681179739865,C,C,A,A,C,T,C,G,T,A,T,T,A,G,C,C,C,G,C,C
N_30,73.99573314520103,T,G,A,A,T,C,A,T,C,T,G,A,C,A,T,T,A,T,T,G
N_31,71.41978374722494,G,G,C,C,G,T,A,A,A,A,A,C,T,T,T,C,T,G,C,A
N_32,52.50305328517625,T,A,A,T,C,C,C,C,A,A,C,A,C,A,G,G,T,G,G,C
N_33,62.827370441370974,T,C,G,C,G,A,A,A,T,T,A,T,T,T,A,A,C,A,T,C
N_34,48.994027862886526,C,A,G,C,A,C,A,A,C,C,A,A,G,C,C,C,C,G,G,T
N_35,53.38189174011261,A,C,A,T,T,C,C,A,T,C,C,A,C,T,G,A,T,C,C,A
N_36,67.17431479228635,C,T,C,A,G,A,A,C,T,A,G,T,C,T,G,A,C,T,G,T
N_37,41.595684356824336,C,T,C,G,T,T,T,G,A,G,T,C,G,A,C,A,C,C,T,G
N_38,45.001968465726776,G,G,C,T,G,G,C,C,G,G,T,T,A,A,T,T,C,A,G,T
N_39,51.59203920251911,T,T,T,G,C,T,T,A,G,A,A,C,C,G,T,A,C,C,C,T
N_40,48.28987033095454,T,C,C,T,A,G,A,T,A,T,T,C,G,T,T,C,A,G,G,A
N_41,38.99971503033174,C,C,A,T,C,C,C,C,C,G,T,C,A,G,G,G,A,G,C,A
N_42,53.80278565074124,A,C,T,C,G,C,C,C,T,T,T,G,A,G,C,C,A,T,T,T
N_43,58.42781507980372,T,T,C,A,A,G,T,C,T,T,A,A,A,A,A,T,A,T,T,A
N_44,62.209883454581394,T,C,C,A,T,T,T,C,A,C,C,C,C,A,G,A,G,C,T,A
N_45,49.139187283965924,T,T,T,A,T,C,A,C,T,G,C,G,G,T,T,A,C,T,G,C
N_46,49.111084519930714,T,A,T,C,T,A,G,T,T,G,C,T,T,C,C,T,T,T,G,G
N_47,55.865091708194434,C,T,G,C,C,A,C,A,T,A,C,G,C,C,T,T,G,C,G,A
N_48,60.8531284637188,C,A,G,A,C,A,A,T,G,G,G,G,T,G,A,T,T,G,A,G
N_49,52.29177653718472,G,C,T,T,C,G,C,C,G,G,A,C,A,G,C,A,G,A,A,A
N_50,59.38261323937332,T,T,T,A,T,T,A,G,A,T,C,T,T,A,A,C,C,T,C,C
N_51,46.64306652145571,T,T,A,T,T,C,A,C,G,G,A,C,T,A,G,T,C,C,T,T
N_52,54.8040594815582,G,G,G,C,C,C,T,C,C,T,T,C,T,G,C,C,C,G,T,A
N_53,64.4577206466661,G,A,A,A,T,T,T,G,G,T,A,A,T,C,G,A,C,G,A,C
N_54,46.10793997438278,A,A,A,T,C,T,A,C,C,C,T,C,C,T,T,G,A,C,A,T
N_55,48.8826452645486,C,C,G,A,A,A,A,G,C,C,A,C,G,G,T,C,A,A,G,C
N_56,41.2080624442796,G,T,G,C,C,C,G,T,T,G,C,A,T,C,A,C,C,C,A,G
N_57,71.59231821465325,C,G,T,C,G,G,G,G,C,A,A,A,T,A,A,T,T,A,T,G
N_58,60.33073860466506,A,T,A,G,C,T,T,T,T,C,G,A,T,C,A,C,C,G,T,C
N_59,48.72983928421238,G,A,T,T,C,A,G,A,C,G,T,A,T,T,G,A,C,C,C,A
N_60,47.56402229118496,A,A,A,G,T,A,T,A,T,A,C,T,T,A,T,A,A,A,T,C
N_61,53.71024594896996,T,T,C,T,A,C,A,T,A,T,T,G,T,G,T,G,A,G,G,C
N_62,52.822911811725035,G,A,A,G,C,C,A,C,A,A,G,C,A,T,C,C,T,G,G,A
N_63,58.55521336994072,T,A,C,C,T,C,A,C,C,A,T,G,C,C,C,A,A,A,A,T
N_64,44.42656194357139,C,T,G,C,A,T,T,C,C,G,C,G,G,C,G,G,G,T,G,A
N_65,52.48427105759037,A,C,T,A,A,A,C,C,G,A,C,T,T,A,G,T,C,C,A,T
N_66,53.212107312434604,A,C,C,T,A,A,C,C,A,G,A,T,A,C,T,G,T,A,C,G
N_67,47.545704098314154,T,T,A,C,C,G,G,G,T,T,A,T,G,T,C,T,T,C,C,A
N_68,60.134530188134185,T,G,C,C,G,C,C,T,A,A,C,T,C,T,A,C,C,C,C,A
N_69,24.714966604078327,T,T,G,T,T,T,C,A,A,T,T,C,A,G,T,G,C,C,C,T
N_70,31.72299988428977,A,A,T,C,A,T,C,A,C,G,C,C,G,A,T,T,A,C,G,C
N_71,39.35652080114525,A,A,G,A,T,T,C,T,C,A,T,T,A,G,A,C,A,G,C,A
N_72,79.47637300169515,T,C,C,A,G,G,A,C,A,A,G,A,A,A,A,C,G,A,A,T
N_73,45.573227762570646,T,G,G,G,T,A,G,C,A,T,G,T,A,G,G,C,C,G,G,G
N_74,60.850282493348,A,T,G,G,T,A,T,A,T,A,G,A,T,G,T,T,A,G,C,G
N_75,58.721702329725524,A,A,C,C,T,A,A,T,T,C,C,A,G,A,G,T,G,A,T,A
N_76,42.67501743408413,G,A,G,A,C,A,C,G,A,C,C,T,C,T,A,A,A,A,A,C
N_77,42.03305345484285,T,A,G,T,T,C,A,G,T,A,T,A,A,A,T,G,C,G,C,T
N_78,59.009660757776096,A,T,T,A,A,G,C,A,A,T,A,A,T,A,C,C,A,T,C,A
N_79,63.99098237726785,A,C,C,T,A,C,A,C,C,A,T,A,C,A,A,A,A,A,G,A
N_80,51.085660158407954,A,C,T,A,G,G,T,T,G,A,C,C,T,G,A,T,C,A,C,A
N_81,72.97272463976836,G,C,T,C,A,G,T,C,C,C,T,A,G,A,C,T,G,C,C,C
N_82,65.85320036639439,G,A,C,G,A,T,A,C,T,G,G,C,T,A,G,C,T,A,T,G
N_83,67.23592158335751,C,C,A,G,C,G,C,A,A,C,C,G,T,C,T,T,G,A,A,A
N_84,65.91699436501843,T,G,T,G,A,C,C,G,A,C,G,G,C,T,A,T,C,G,C,A
N_85,49.58737957629721,T,C,G,C,T,T,G,C,C,C,C,T,C,T,G,G,T,T,C,G
N_86,55.323583435148976,A,C,A,T,G,C,A,T,T,G,A,C,G,G,G,A,G,A,G,T
N_87,40.03763681174338,C,T,T,G,T,G,G,C,C,A,C,C,C,A,C,T,G,G,A,C
N_88,57.12389221010218,A,G,C,T,G,T,T,G,C,T,A,G,G,T,A,T,T,T,G,G
N_89,53.48559752707908,G,A,C,T,C,A,A,C,G,G,C,T,T,T,G,C,T,C,T,C
N_90,62.309814493473986,T,C,A,C,C,C,T,C,T,C,G,T,C,G,A,T,C,T,G,G
N_91,67.7727487881162,A,C,T,C,G,G,T,A,C,A,G,G,G,A,T,T,T,A,G,G
N_92,58.81165527825985,G,A,T,C,T,C,A,A,G,T,C,G,C,A,A,A,T,T,T,G
N_93,53.7523032119277,A,C,G,G,T,T,A,A,T,A,T,A,C,T,G,T,C,A,T,T
N_94,51.560806147184714,T,C,T,T,G,A,C,C,T,T,A,C,A,T,A,G,G,T,A,T
N_95,53.79492651522993,G,A,A,C,A,T,C,A,C,C,A,C,C,A,C,G,G,T,G,A
N_96,53.939538202515486,T,G,T,C,G,G,G,A,A,T,T,A,G,C,A,T,A,T,T,G
N_97,57.524392639234854,A,T,C,C,A,G,C,A,C,C,A,T,C,G,G,C,T,C,T,T
N_98,65.96116551179267,C,G,A,A,T,C,C,C,G,G,G,T,G,T,T,G,T,A,C,C
N_99,45.772128992156965,A,G,T,T,A,A,T,A,A,T,A,G,G,T,G,A,A,C,A,C
N_100,55.773353361120215,C,A,A,G,C,A,T,G,C,T,A,T,A,A,C,A,T,T,G,C
