,LeafLength,LeafWidth,disease,chr10_1,chr10_2,chr10_3,chr10_4,chr10_5,chr10_6,chr10_7,chr10_8,chr10_9,chr10_10
N_01,13.30274372,0.33412518,FALSE,G,G,G,G,G,A,G,C,C,G
N_02,13.53949979,1.608982812,FALSE,G,G,A,T,C,A,G,C,G,G
N_03,14.07459514,1.851638652,TRUE,G,G,C,C,A,C,T,T,C,A
N_04,12.50296551,1.758086565,TRUE,G,A,T,C,A,A,T,C,G,T
N_05,19.54757243,0.790298344,TRUE,A,A,G,T,C,C,C,G,C,T
N_06,14.25486279,1.026411862,TRUE,G,A,C,C,G,T,G,A,G,G
N_07,15.04631299,0.48212484,TRUE,G,A,T,T,G,G,T,G,A,G
N_08,14.17575507,1.114937039,TRUE,G,A,C,C,G,C,C,G,C,C
N_09,12.40412373,1.24514824,TRUE,G,A,T,A,G,T,T,C,A,G
N_10,15.56144846,0.52464361,FALSE,G,A,T,G,T,G,T,T,G,G
N_11,13.85193423,1.464079315,TRUE,A,A,T,A,C,T,A,A,A,T
N_12,14.12484626,0.481416669,TRUE,G,A,G,T,T,A,C,T,C,A
N_13,15.6359636,1.351077212,FALSE,G,A,A,T,T,C,G,G,G,A
N_14,16.68610685,1.485415958,FALSE,A,G,C,C,C,G,C,T,T,A
N_15,11.87118318,1.624974904,TRUE,G,A,A,T,C,A,C,C,A,G
N_16,10.19366296,0.290459992,TRUE,G,G,G,G,G,C,G,A,A,A
N_17,14.45308298,1.152317393,TRUE,G,A,T,G,A,A,C,T,C,T
N_18,13.56273635,2.341939327,FALSE,G,A,T,A,A,G,A,C,G,C
N_19,11.34652412,2.118533829,TRUE,G,A,C,A,C,T,T,C,C,C
N_20,18.80930049,1.987431269,FALSE,A,A,G,A,A,T,G,C,G,T
N_21,13.75318693,0.568868229,FALSE,G,G,T,T,T,T,A,C,T,T
N_22,18.05849437,0.770255988,FALSE,A,G,C,G,T,C,C,C,A,T
N_23,12.53365316,0.516817136,TRUE,G,A,T,T,G,G,T,T,C,G
N_24,10.78489128,1.322148366,TRUE,G,A,G,T,A,T,C,C,T,C
N_25,12.47734564,1.29516773,FALSE,G,G,T,C,C,A,C,G,T,T
N_26,11.13988026,1.13944207,TRUE,G,G,C,G,C,T,G,C,G,T
N_27,13.91735418,0.927970284,FALSE,G,A,C,T,T,A,C,G,C,G
N_28,10.01763798,1.360706822,TRUE,G,G,C,C,T,G,A,C,G,G
N_29,11.32611679,2.155247591,TRUE,G,A,T,A,A,A,C,C,A,G
N_30,17.29867572,0.820806549,FALSE,G,G,C,T,T,A,A,G,T,G
N_31,16.74840113,1.480603533,FALSE,A,G,T,T,A,G,T,A,A,T
N_32,19.22796904,1.010138204,FALSE,A,G,C,C,G,T,A,A,T,G
N_33,19.58025704,0.761509883,FALSE,A,G,T,G,C,G,G,G,T,G
N_34,17.82361816,2.030087266,TRUE,A,A,C,A,C,G,A,T,T,G
N_35,14.33557459,2.048912407,TRUE,G,A,A,G,A,G,C,A,G,A
N_36,18.78657173,0.793868476,TRUE,A,A,G,T,C,A,T,T,A,T
N_37,11.04779918,1.256426302,FALSE,G,G,A,G,T,C,G,A,A,A
N_38,11.22182209,1.58197207,TRUE,G,A,G,A,C,G,G,G,T,G
N_39,17.11352816,2.532706906,TRUE,G,A,A,A,C,T,A,A,G,G
N_40,18.14928477,0.668383798,TRUE,A,A,C,G,G,G,A,A,T,T
N_41,14.76953884,1.904710083,FALSE,G,G,C,T,A,G,A,G,C,T
N_42,15.28896425,1.331025921,TRUE,G,A,A,T,T,T,G,C,C,T
N_43,16.60889153,1.134404553,FALSE,G,A,G,G,A,C,G,T,A,A
N_44,11.90380177,1.42911416,FALSE,G,G,A,G,T,T,T,G,A,C
N_45,18.38604557,1.160371024,TRUE,A,G,G,T,A,T,A,A,T,A
N_46,14.22493487,1.716454168,FALSE,A,A,T,C,A,T,G,G,G,A
N_47,18.94145864,2.517993442,FALSE,A,G,A,A,C,G,C,A,C,G
N_48,13.53587162,2.063469486,TRUE,G,A,T,A,A,C,C,C,C,A
N_49,19.20134413,2.408134437,FALSE,A,G,A,A,C,T,C,C,A,A
N_50,19.94868497,1.665763607,FALSE,A,G,G,A,C,G,T,G,A,A
N_51,15.64623609,1.219906119,FALSE,A,G,G,A,G,A,T,C,A,T
N_52,14.42003365,1.082227993,TRUE,A,A,G,G,A,A,C,T,C,C
N_53,15.55900789,0.426943212,TRUE,G,A,T,G,G,T,G,C,A,T
N_54,17.08836032,1.309665984,FALSE,A,G,C,C,T,A,G,G,C,A
N_55,19.47044394,0.464323801,TRUE,A,G,T,T,G,A,C,A,A,A
N_56,14.43952485,3.040492918,FALSE,G,G,A,A,A,G,A,C,T,G
N_57,19.91822521,1.033897303,TRUE,A,A,G,C,C,T,G,G,A,A
N_58,11.95739179,0.523958915,TRUE,G,A,G,T,T,C,G,G,A,T
N_59,17.51548932,2.14465926,TRUE,G,G,A,T,A,A,C,C,T,A
N_60,11.08108119,2.237878361,TRUE,G,G,A,G,A,T,A,T,A,C
N_61,13.31339658,2.272263016,FALSE,G,A,G,A,A,A,T,C,T,T
N_62,17.78559145,0.732753583,TRUE,G,G,T,G,C,C,T,A,G,A
N_63,12.22220109,1.863167054,TRUE,G,G,A,T,C,G,G,T,A,T
N_64,11.82319455,2.490351571,FALSE,G,G,A,C,A,T,A,A,T,A
N_65,10.42702154,1.443839101,FALSE,G,G,T,A,G,A,T,C,C,T
N_66,16.63670201,0.932837814,TRUE,G,A,T,C,T,T,G,G,C,T
N_67,16.51842039,2.001704225,TRUE,G,G,A,G,A,A,G,A,T,A
N_68,16.74437669,1.197262372,FALSE,G,A,C,C,T,C,C,A,T,T
N_69,13.1664078,1.640152049,TRUE,G,A,A,C,G,G,A,A,C,G
N_70,11.33406389,0.657029691,TRUE,G,A,C,G,G,A,T,C,T,G
N_71,13.38744318,1.201873182,TRUE,G,G,G,A,T,T,T,C,C,T
N_72,19.61344827,1.620839242,FALSE,A,A,A,T,C,C,G,T,A,A
N_73,18.42694766,1.786652811,FALSE,A,G,T,A,C,T,G,G,G,T
N_74,19.38732016,0.841907658,TRUE,A,G,C,T,T,C,T,A,C,T
N_75,14.01468436,1.725330258,FALSE,G,A,T,C,A,T,A,A,C,A
N_76,15.46165781,2.103522495,TRUE,G,A,A,G,A,C,G,G,T,G
N_77,18.77605744,2.354642504,TRUE,A,A,G,A,A,T,C,G,G,C
N_78,13.47069674,0.391972149,FALSE,G,A,G,G,T,A,G,C,A,C
N_79,17.87714655,0.691250235,FALSE,G,A,G,T,C,G,G,T,G,A
N_80,10.95966103,1.220802648,TRUE,G,G,C,T,C,A,A,A,C,G
N_81,19.41127109,2.483852146,TRUE,A,G,C,A,A,A,T,T,C,T
N_82,18.21109537,1.03570232,FALSE,A,G,C,C,G,T,G,A,G,C
N_83,17.3328489,1.77356764,TRUE,A,A,A,C,G,A,T,T,A,T
N_84,18.17327831,1.207924834,FALSE,A,G,G,A,T,T,G,G,T,C
N_85,18.00265401,1.166308651,TRUE,A,A,C,T,C,G,T,A,C,C
N_86,18.81794967,1.695869151,FALSE,A,A,A,T,C,T,T,C,G,A
N_87,10.16797483,0.37551842,FALSE,G,G,G,T,G,T,A,T,G,G
N_88,14.53076446,0.89572837,TRUE,G,A,C,G,C,C,G,T,G,A
N_89,15.40735783,1.053621207,TRUE,A,A,G,A,G,T,G,C,G,G
N_90,11.99987313,1.126362906,TRUE,G,G,C,T,C,C,G,T,A,C
N_91,18.96998807,1.461052172,TRUE,A,G,A,C,G,A,A,C,T,C
N_92,16.66553972,2.116501791,FALSE,A,A,A,A,T,C,T,G,G,G
N_93,11.07736444,1.36098356,FALSE,G,A,C,C,T,C,A,C,C,A
N_94,18.47037374,0.970652493,TRUE,A,A,T,T,C,C,G,T,T,C
N_95,10.42998748,1.502938669,FALSE,G,G,A,G,C,G,C,A,C,G
N_96,16.66675409,1.656185942,FALSE,A,G,C,A,T,T,A,A,G,C
N_97,10.94177041,1.551154536,FALSE,G,A,T,A,T,C,T,T,C,C
N_98,18.35022718,1.417534525,FALSE,A,A,A,T,C,A,C,A,A,G
N_99,11.22012206,1.255846037,TRUE,G,A,C,C,T,T,C,C,G,C
N_100,18.4052345,0.413683197,FALSE,A,A,G,G,T,G,C,T,T,T
N_101,10.4888109,0.585961444,FALSE,G,G,T,T,T,T,C,G,C,A
N_102,15.05047699,1.158054739,TRUE,G,G,C,C,T,A,C,T,T,C
N_103,17.3976075,0.765552785,FALSE,G,A,G,C,T,G,C,C,C,G
N_104,16.11746473,1.12371908,FALSE,G,A,G,C,C,G,A,G,A,C
N_105,16.98880322,0.809893533,FALSE,G,A,C,T,G,T,C,A,C,C
N_106,19.2578514,0.656980497,TRUE,A,G,T,T,T,C,A,G,A,G
N_107,17.58119394,2.274252733,FALSE,G,G,G,A,A,T,G,T,T,G
N_108,14.58326333,1.459048041,TRUE,A,G,C,A,G,T,G,C,C,G
N_109,15.55198086,0.726722351,FALSE,G,G,G,G,C,T,A,G,T,C
N_110,17.55232397,1.696703376,FALSE,G,A,C,A,T,C,G,A,C,G
N_111,15.65313727,0.805788587,TRUE,G,G,C,G,T,T,A,A,G,A
N_112,14.93069916,0.762673302,FALSE,G,G,G,T,C,C,T,C,T,A
N_113,18.06038616,1.757012464,FALSE,A,A,T,C,A,G,C,C,G,G
N_114,14.56705549,1.683318247,FALSE,G,G,C,G,A,G,C,T,G,A
N_115,19.94347307,1.190364703,TRUE,A,A,T,A,G,G,A,G,A,C
N_116,11.83323932,2.055934196,FALSE,G,G,A,A,T,T,T,G,A,G
N_117,18.72338581,1.964770113,FALSE,A,G,C,C,A,C,T,A,T,C
N_118,18.70123269,2.673448418,TRUE,A,G,C,A,A,A,T,T,T,C
N_119,18.75379881,2.27011979,FALSE,A,G,A,T,A,G,C,G,C,T
N_120,14.69809801,1.287463872,TRUE,G,G,T,A,G,G,T,G,G,G
N_121,12.56626744,1.173011715,TRUE,G,A,T,G,A,C,G,A,T,A
N_122,11.01948001,1.241583767,FALSE,G,A,T,C,C,A,T,G,G,G
N_123,10.29644932,0.441040831,FALSE,G,G,G,T,G,C,C,T,C,A
N_124,10.44401212,1.270739122,TRUE,G,A,G,A,G,A,C,A,A,T
N_125,17.01433347,1.142438807,TRUE,G,A,C,T,C,C,T,A,A,A
N_126,17.06583053,0.479952385,TRUE,G,G,T,T,G,G,C,C,T,T
N_127,13.12927274,1.764690855,FALSE,G,G,A,C,T,C,C,G,G,T
N_128,13.66309188,0.289852145,FALSE,G,G,G,G,G,T,G,C,A,C
N_129,19.34041202,2.610594588,FALSE,A,A,A,A,G,T,G,G,C,G
N_130,12.77460304,1.256584784,TRUE,G,G,T,G,A,A,T,G,G,C
N_131,12.46669236,1.254238596,TRUE,G,G,A,T,G,G,T,A,G,A
N_132,12.78213231,0.70487822,FALSE,G,G,G,C,G,G,A,C,T,G
N_133,10.94630506,1.126154989,TRUE,G,A,C,T,C,C,T,C,C,C
N_134,10.80459467,0.74881604,FALSE,G,G,G,C,T,C,C,G,C,T
N_135,10.00007972,2.046548094,FALSE,G,G,A,C,C,G,A,C,A,C
N_136,19.15924549,1.424847668,FALSE,A,G,C,G,A,T,C,T,G,G
N_137,13.01346637,2.216234993,FALSE,G,G,A,A,T,C,C,C,T,G
N_138,17.23821413,1.511216249,FALSE,G,A,G,A,C,A,G,G,G,A
N_139,16.27083446,1.052529461,FALSE,A,G,G,C,C,A,A,T,T,A
N_140,18.43315776,2.10499216,TRUE,A,G,A,A,G,A,A,G,G,A
N_141,13.67123277,1.494136858,TRUE,G,A,A,G,C,A,C,A,C,A
N_142,18.01192571,1.41135798,TRUE,A,G,G,A,T,T,T,C,C,G
N_143,15.44084679,0.916640517,TRUE,G,A,T,C,T,G,T,A,T,T
N_144,17.81413415,1.268664919,FALSE,G,G,G,A,T,A,T,G,A,A
N_145,17.44917296,1.288986171,FALSE,A,A,A,T,G,G,T,T,G,A
N_146,18.03099147,0.300453485,FALSE,A,G,G,G,G,A,G,C,C,G
N_147,17.78299396,1.521191413,FALSE,A,G,A,C,G,T,C,C,G,G
N_148,14.16504101,1.303291386,TRUE,G,A,T,G,A,G,C,C,C,G
N_149,14.12953488,0.884122581,TRUE,A,A,G,C,T,C,T,A,G,G
N_150,15.77073145,1.857110239,TRUE,G,A,A,C,C,A,G,C,T,G
N_151,12.32806577,1.26110172,FALSE,G,G,A,G,G,A,T,A,A,G
N_152,15.02569872,0.721122949,FALSE,G,G,C,G,G,T,G,G,T,C
N_153,15.05299388,0.594973865,FALSE,A,A,T,T,T,C,T,C,A,G
N_154,12.08668628,1.884345421,TRUE,G,A,A,A,G,C,C,T,A,A
N_155,14.91193063,1.704869623,TRUE,G,G,G,A,C,A,A,T,T,A
N_156,17.87761016,0.380681618,TRUE,G,G,T,G,G,G,A,G,A,G
N_157,18.99267402,2.725636302,TRUE,A,A,A,A,A,G,C,C,G,T
N_158,14.96907942,0.633934767,TRUE,G,A,T,T,T,T,A,A,T,A
N_159,11.94165375,0.32652711,TRUE,G,G,G,T,G,A,A,C,A,A
N_160,13.80286641,0.884953573,TRUE,G,A,T,T,C,A,A,C,A,A
N_161,10.06353874,0.834333208,TRUE,G,A,C,G,T,T,C,G,A,A
N_162,15.72373635,0.88503533,FALSE,G,A,C,T,G,G,G,C,A,G
N_163,13.68623636,0.906655457,FALSE,G,G,T,C,T,C,G,T,G,C
N_164,18.11714983,1.320935525,TRUE,A,G,T,T,A,C,C,C,G,G
N_165,15.42688791,2.508466034,FALSE,G,G,T,A,A,T,T,C,G,G
N_166,15.49326378,0.429554544,FALSE,A,G,G,G,T,G,C,G,A,C
N_167,13.71103774,1.091256754,FALSE,G,G,C,G,C,A,G,G,T,T
N_168,17.99296576,0.471516586,TRUE,G,A,T,G,T,T,G,G,G,T
N_169,14.82589264,1.310904215,FALSE,G,A,A,G,T,T,G,G,C,C
N_170,13.35181544,1.533659519,TRUE,G,G,C,C,C,C,G,T,T,G
N_171,13.31251034,0.424101572,TRUE,G,G,G,G,T,T,A,T,C,C
N_172,19.55574077,1.19776974,FALSE,A,G,C,C,T,T,T,A,C,T
N_173,12.69845906,0.7402178,FALSE,G,G,T,C,G,G,C,T,T,A
N_174,17.42571419,1.32006602,TRUE,A,A,A,T,G,C,C,T,A,G
N_175,18.42957108,3.117129212,TRUE,A,A,A,A,A,G,G,G,A,A
N_176,19.68985976,1.256203109,FALSE,A,G,A,G,G,A,G,A,A,C
N_177,11.98273084,1.199638514,FALSE,G,G,A,G,T,A,T,A,C,G
N_178,19.57743389,1.583811343,FALSE,A,G,A,T,C,T,A,A,C,G
N_179,16.14234292,1.308411337,FALSE,G,G,A,T,T,A,C,C,C,A
N_180,11.81618047,1.907387029,FALSE,G,A,A,C,C,G,G,T,G,G
N_181,13.58239534,0.714546911,TRUE,G,A,G,G,C,C,A,C,G,T
N_182,11.97743799,0.811887085,FALSE,G,A,T,G,C,A,C,A,T,G
N_183,18.61677846,0.413618104,TRUE,A,A,G,T,G,C,T,T,C,C
N_184,16.23310277,1.782591886,TRUE,G,A,A,C,T,G,A,A,C,T
N_185,17.92908189,0.71268153,TRUE,A,A,C,T,G,T,C,T,G,C
N_186,14.30532825,2.895266715,FALSE,G,G,A,A,A,A,G,T,T,A
N_187,10.41744392,2.018841881,TRUE,G,G,A,G,A,T,T,T,C,G
N_188,18.81871604,2.194578686,FALSE,A,G,G,A,A,C,G,C,C,G
N_189,14.99309961,1.593736842,TRUE,A,G,G,A,C,C,G,A,T,G
N_190,12.48688297,1.214444673,TRUE,G,A,T,C,C,G,A,A,G,G
N_191,13.0926231,1.704488276,FALSE,G,A,A,C,G,C,G,G,T,T
N_192,12.51615977,1.388682476,FALSE,G,G,A,T,T,G,G,C,T,A
N_193,13.62823913,2.21812083,TRUE,G,G,A,G,A,T,G,A,G,G
N_194,17.41859245,0.479922464,FALSE,G,A,T,G,T,T,C,C,A,A
N_195,15.29390706,1.677373667,FALSE,G,G,T,C,A,T,C,A,C,C
N_196,15.34342721,0.66498136,FALSE,G,G,G,C,G,T,A,A,T,G
N_197,13.88385541,1.499780749,FALSE,G,G,A,G,C,G,G,A,C,T
N_198,11.20093241,0.45231093,FALSE,G,G,T,G,T,C,G,G,T,G
N_199,16.96847547,1.099263568,FALSE,G,A,C,C,G,G,T,C,A,T
N_200,10.28704626,1.915101967,FALSE,G,G,T,A,A,C,T,A,G,A