,Carcass_weight,gene_1,gene_2,gene_3,gene_4,gene_5,gene_6
N_01,46.42638465,C,G,T,T,T,A
N_02,41.01331544,G,A,A,A,G,T
N_03,75.78033396,C,C,A,G,G,T
N_04,84.04625445,C,C,A,G,A,G
N_05,64.32969166,C,A,G,T,A,T
N_06,33.3675042,T,T,G,T,A,C
N_07,49.18958577,A,T,C,A,A,C
N_08,32.32677252,G,T,C,G,A,C
N_09,71.82749068,A,C,G,A,A,T
N_10,61.97608963,C,T,T,T,G,C
N_11,80.29122845,C,C,T,A,A,T
N_12,40.23207343,G,A,G,T,A,T
N_13,53.80789102,T,C,T,A,C,T
N_14,38.817331,A,G,T,T,G,G
N_15,53.99177902,A,T,A,A,T,C
N_16,48.63973677,G,C,A,A,T,C
N_17,46.83258057,G,C,C,C,C,A
N_18,57.90143861,C,T,T,T,C,A
N_19,70.90580025,C,A,T,T,A,T
N_20,30.94603465,T,G,G,G,A,G
N_21,41.94449224,G,C,T,G,T,T
N_22,47.35610473,A,G,T,A,T,T
N_23,65.84327986,C,A,G,T,T,T
N_24,44.97794861,G,C,T,G,T,T
N_25,51.97634997,T,A,G,G,G,C
N_26,35.32824674,T,T,G,G,C,T
N_27,41.06979265,G,A,C,C,G,G
N_28,74.11271716,A,C,G,A,A,C
N_29,41.55340339,G,C,A,A,A,G
N_30,79.89610946,C,C,G,T,G,A
N_31,35.96936418,T,T,C,T,T,G
N_32,37.42689612,G,A,T,C,G,A
N_33,19.22790439,G,G,A,A,G,C
N_34,18.51277695,G,G,C,A,T,A
N_35,27.0783149,G,T,G,G,A,G
N_36,30.63945559,G,T,T,A,T,T
N_37,36.20333024,T,T,T,G,A,G
N_38,71.21027164,A,C,A,C,A,T
N_39,47.90803233,C,G,A,A,A,C
N_40,71.83938831,A,C,C,C,C,A
N_41,49.81713968,T,C,C,A,T,G
N_42,76.83541082,C,A,C,A,T,A
N_43,58.97406654,C,G,C,C,G,C
N_44,47.16079433,A,T,A,G,T,T
N_45,34.41309174,A,G,A,T,T,T
N_46,34.60188307,T,T,A,G,A,A
N_47,64.4335031,A,C,G,A,T,C
N_48,20.28002192,G,G,G,G,C,A
N_49,51.35006585,A,T,T,A,C,T
N_50,45.44455219,G,C,G,G,G,T
N_51,27.79218151,T,G,G,G,A,A
N_52,40.93232485,A,G,G,C,A,C
N_53,71.7509278,C,A,T,G,C,G
N_54,46.58557401,G,C,A,A,G,C
N_55,68.17048113,T,C,G,T,G,C
N_56,41.91134772,A,G,T,C,C,A
N_57,73.1757455,C,A,G,T,T,T
N_58,45.72573312,T,A,C,G,T,G
N_59,39.62416437,T,T,A,A,A,C
N_60,28.07101449,G,T,A,G,G,A
N_61,31.30874339,T,G,G,A,T,A
N_62,71.94260633,C,A,G,G,T,C
N_63,31.48570641,G,T,T,G,T,C
N_64,27.11593641,G,T,A,C,A,T
N_65,18.93605362,G,G,T,G,T,G
N_66,46.67540973,C,G,C,G,A,C
N_67,47.72174444,A,T,T,A,C,T
N_68,53.47615661,A,T,A,T,G,C
N_69,54.15138915,T,C,T,C,G,A
N_70,71.73973987,C,A,A,C,C,A
N_71,54.01775931,T,A,T,C,T,A
N_72,51.95587661,T,A,C,G,G,G
N_73,40.56916127,T,T,A,A,G,A
N_74,38.11882575,T,T,C,T,G,C
N_75,32.19998111,G,T,A,T,T,G
N_76,52.58909554,A,A,T,C,A,G
N_77,56.98764261,T,C,G,C,G,A
N_78,46.91967223,A,G,T,T,T,A
N_79,67.90924784,T,C,A,G,G,C
N_80,71.21367792,C,A,A,G,C,C
N_81,52.3815348,C,G,A,T,C,T
N_82,48.38897354,T,A,C,C,C,G
N_83,66.10357352,T,C,T,A,C,T
N_84,29.27543709,T,G,C,G,T,C
N_85,50.28795922,T,A,T,A,G,C
N_86,22.20134282,G,G,A,C,G,A
N_87,72.04021558,A,C,A,A,G,G
N_88,59.96117878,A,T,T,A,G,G
N_89,54.62035635,C,T,A,A,G,T
N_90,67.19327098,A,A,G,C,A,G
N_91,37.51963779,T,T,G,G,G,T
N_92,49.87852271,G,C,A,A,T,C
N_93,18.44837477,G,G,A,G,A,C
N_94,54.76216942,A,A,T,T,C,A
N_95,48.77326679,G,C,G,A,G,A
N_96,68.5463994,C,A,A,T,G,A
N_97,36.48738784,A,G,C,A,C,G
N_98,60.62931227,T,C,C,C,G,T
N_99,21.92333517,G,G,G,A,C,G
N_100,72.7387533,C,A,G,G,C,C