種,Leaf,SNP1,SNP2,SNP3,SNP4,SNP5,SNP6,SNP7,SNP8,SNP9,SNP10
A,12.4,A,T,T,G,G,G,G,A,C,T
B,25.3,A,G,T,C,C,C,C,T,C,A
C,13,C,T,A,C,C,G,G,A,A,A
D,22.1,C,T,A,C,G,G,C,T,C,A
E,14.8,A,G,T,G,G,G,G,A,C,T
F,19.3,C,T,A,C,C,G,C,T,A,A
G,21.1,C,G,T,C,C,G,C,T,T,A
H,21.7,A,T,T,G,C,G,G,T,T,A
I,26,C,T,A,G,G,C,G,T,T,A
J,30.3,C,G,T,G,G,G,C,T,A,T
K,19.6,C,T,T,C,G,G,G,T,A,T
L,14.3,A,T,T,G,C,C,C,A,A,A
M,27,C,T,T,G,G,G,C,T,A,T
N,28.5,A,T,T,G,C,G,C,T,T,T
O,25.1,C,G,A,C,G,G,G,T,T,A
P,29.7,C,T,T,C,G,G,G,T,A,A
Q,30.1,A,G,T,C,G,C,G,T,A,T
R,12.1,C,G,T,G,G,C,G,A,A,T
S,28.7,C,T,A,G,C,G,C,T,T,A
T,16.8,C,G,T,G,C,G,G,A,A,T
U,15.7,A,T,T,C,C,G,C,A,T,T
V,28.9,A,T,A,C,C,G,C,T,T,A
W,12.3,A,T,T,C,C,G,G,A,T,A
X,16.9,C,G,A,G,C,C,C,A,T,A
Y,18.4,A,G,A,C,G,G,G,T,A,A
Z,11.6,A,G,A,C,C,G,G,A,A,T
